No,Keyword,Search Volume,CPC,Paid Difficulty,SEO Difficulty
1,"hp laptop service center ahmedabad","480","₹0.96","1","11"
2,"hp victus vs hp omen","140","₹0.00","13","9"
3,"hp laptop vs dell laptop india","10","₹0.00","1","5"
4,"hp laptop for office use india","0","₹0.00","1","4"
5,"hp omnibook x review india","0","₹0.00","1","4"
6,"best robotic vacuum cleaner india 2026","0","₹0.00","1","4"
7,"automatic parking barrier india guide","0","₹0.00","1","4"
8,"dahua video intercom review india","0","₹0.00","1","4"
9,"hp all-in-one desktop buying guide india 2026","0","₹0.00","1","4"
10,"hp designjet buying guide india","0","₹0.00","1","4"
11,"hp laptop in ahmedabad – where to buy","0","₹0.00","1","4"
12,"hp store rajkot tagore road guide","0","₹0.00","1","4"
13,"hp laptop service in ahmedabad","0","₹0.00","1","4"
14,"what to look for in a laptop under 40000 india","0","₹0.00","1","4"
15,"gaming laptop for college students india","0","₹0.00","1","4"
16,"hp laptop for small business india","0","₹0.00","1","4"
17,"hp probook vs hp elitebook india","0","₹0.00","1","4"
18,"ip intercom vs traditional intercom india","0","₹0.00","1","4"
19,"dahua vs hikvision intercom india","0","₹0.00","1","4"
20,"boom barrier vs swing gate india","0","₹0.00","1","4"
21,"parking barrier for apartments india","0","₹0.00","1","4"
22,"all-in-one desktop vs tower desktop india","0","₹0.00","1","4"
23,"hp laptop vs lenovo india","0","₹0.00","1","4"
24,"wide format printer for architects india","0","₹0.00","1","4"
25,"hp designjet t210 vs t630 india","0","₹0.00","1","4"
26,"hp laptop ram upgrade guide india","0","₹0.00","1","4"
27,"ssd upgrade for old laptop india worth it","0","₹0.00","1","4"
28,"is gaming laptop worth it for students india","0","₹0.00","1","4"
29,"what specs do i need for a gaming laptop india","0","₹0.00","1","4"
30,"hp omnibook 5 vs omnibook x india","0","₹0.00","1","4"
31,"hp omnibook vs macbook air india","0","₹0.00","1","4"
32,"is hp omnibook worth buying india","0","₹0.00","1","4"
33,"hp wireless keyboard and mouse combo india","0","₹0.00","1","4"
34,"best hp headset for office india","0","₹0.00","1","4"
35,"hp laptop for accountants india","0","₹0.00","1","4"
36,"apartment intercom system india complete guide","0","₹0.00","1","4"
37,"is robotic vacuum worth buying india","0","₹0.00","1","4"
38,"what features to expect at 50000 laptop budget india","0","₹0.00","1","4"
39,"how long do hp laptops last india","0","₹0.00","1","4"
40,"intel vs amd laptop india 2026","0","₹0.00","1","4"
